{"cameraMode":{"drawMode":0,"name":"Shaded","section":"Shading Mode"},"sceneLighting":true,"audioPlay":false,"sceneViewState":{"showFog":true,"showMaterialUpdate":false,"showSkybox":true,"showFlares":true,"showImageEffects":true,"showParticleSystems":true},"in2DMode":false,"pivot":{"x":3.023866653442383,"y":1.5739336013793946,"z":-1.5034875869750977},"rotation":{"x":-0.21324843168258668,"y":-0.11052310466766358,"z":0.02428719960153103,"w":-0.9704251885414124},"size":1.8073949813842774,"orthographic":false}